sku,image
RP13843,/13843.jpg
RP14057,/14057.jpg
RP13839,/13839.jpg
RP13949,/13949.jpg
RP14133,/14133.jpg
RP8035,/8035.jpg
RP4525,/4525.jpg
RP4874,/4874.jpg
RP4072,/4072.jpg
RP3313,/3313.jpg
RP4524,/4524.jpg
RP13489,/13489.jpg
RP13488,/13488.jpg
RP4526,/4526.jpg
1457,/1457.jpg
RP5742,/5742.jpg
RP13602,/13602.jpg
RP14239,/14239.jpg
RP13487,/13487.jpg
RP4530,/4530.jpg
RP14136,/14136.jpg
RP4916,/4916.jpg
RP13987,/13987.jpg
RP3701,/3701.jpg
RP13954,/13954.jpg
RP5495,/5495.jpg
RP6276,/6276.jpg
RP6279,/6279.jpg
RP14149,/14149.jpg
RP13914,/13914.jpg
RP14129,/14129.jpg
RP4788,/4788.jpg
RP9741,/9741.jpg
RP2560,/2560.jpg
RP6263,/6263.jpg
RP13959,/13959.jpg
RP13884,/13884.jpg
RP13838,/13838.jpg
RP13836,/13836.jpg
RP5510,/5510.jpg
RP4905,/4905.jpg
RP13813,/13813.jpg
RP13581,/13581.jpg
RP13605,/13605.jpg
RP7633,/7633.jpg
RP4958,/4958.jpg
RP5902,/5902.jpg
RP4878,/4878.jpg
RP5489,/5489.jpg
RP5487,/5487.jpg
RP5474,/5474.jpg
RP5504,/5504.jpg
RP14035,/14035.jpg
RP1202,/1202.jpg
RP1303,/1303.jpg
RP13993,/13993.jpg
RP13956,/13956.jpg
RP13986,/13986.jpg
RP1367,/1367.jpg
RP1375,/1375.jpg
RP1385,/1385.jpg
RP5123,/5123.jpg
RP5119,/5119.jpg
RP5130,/5130.jpg
RP8632,/8632.jpg
RP8634,/8634.jpg
RP8640,/8640.jpg
RP14117,/14117.jpg
RP13492,/13492.jpg
RP5877,/5877.jpg
RP5876,/5876.jpg
RP1371,/1371.jpg
RP1383,/1383.jpg
RP1379,/1379.jpg
RP14127,/14127.jpg
RP1401,/1401.jpg
RP5120,/5120.jpg
RP5124,/5124.jpg
RP5767,/5767.jpg
RP8475,/8475.jpg
RP14128,/14128.jpg
RP0434,/0434.jpg
RP5834,/5834.jpg
RP13810,/13810.jpg
RP13702,/13702.jpg
RP13825,/13825.jpg
RP14047,/14047.jpg
RP14037,/14037.jpg
RP1517,/1517.jpg
RP5389,/5389.jpg
RP1513,/1513.jpg
RP5325,/5325.jpg
RP5349,/5349.jpg
RP14116,/14116.jpg
RP14032,/14032.jpg
RP14016,/14016.jpg
RP13926,/13926.jpg
RP13927,/13927.jpg
RP13864,/13864.jpg
RP13865,/13865.jpg
RP13923,/13923.jpg
RP13887,/13887.jpg
RP13924,/13924.jpg
RP13863,/13863.jpg
RP14018,/14018.jpg
RP14017,/14017.jpg
RP13845,/13845.jpg
RP13882,/13882.jpg
RP13989,/13989.jpg
RP13736,/13736.jpg
RP13737,/13737.jpg
RP13784,/13784.jpg
RP13785,/13785.jpg
RP13918,/13918.jpg
RP14033,/14033.jpg
RP14034,/14034.jpg
RP13880,/13880.jpg
RP13889,/13889.jpg
RP14031,/14031.jpg
RP14030,/14030.jpg
RP13945,/13945.jpg
RP13957,/13957.jpg
RP13938,/13938.jpg
RP5698,/5698.jpg
RP5699,/5699.jpg
RP6008,/6008.jpg
RP5458,/5458.jpg
RP5850,/5850.jpg
RP5855,/5855.jpg
RP13808,/13808.jpg
RP5913,/5913.jpg
RP14257,/14257.jpg
RP14276,/14276.jpg
RP14254,/14254.jpg
RP6237,/6237.jpg
RP6265,/6265.jpg
RP6673,/6673.jpg
RP9827,/9827.jpg
RP9828,/9828.jpg
RP9825,/9825.jpg
RP9823,/9823.jpg
RP6014,/6014.jpg
RP6015,/6015.jpg
RP9822,/9822.jpg
RP6747,/6747.jpg
RP6735,/6735.jpg
RP6706,/6706.jpg
RP6703,/6703.jpg
RP6591,/6591.jpg
RP6063,/6063.jpg
RP6062,/6062.jpg
RP6923,/6923.jpg
RP13053,/13053.jpg
RP13057,/13057.jpg
RP6418,/6418.jpg
RP6828,/6828.jpg
RP6531,/6531.jpg
RP6259,/6259.jpg
RP6534,/6534.jpg
RP6758,/6758.jpg
RP6767,/6767.jpg
RP6750,/6750.jpg
RP6303,/6303.jpg
RP6908,/6908.jpg
RP6709,/6709.jpg
RP6725,/6725.jpg
RP2088,/2088.jpg
RP2089,/2089.jpg
RP2090,/2090.jpg
RP2092,/2092.jpg
RP2105,/2105.jpg
RP2146,/2146.jpg
RP6336,/6336.jpg
RP6529,/6529.jpg
RP6861,/6861.jpg
RP6886,/6886.jpg
RP6920,/6920.jpg
RP6623,/6623.jpg
RP6813,/6813.jpg
RP6879,/6879.jpg
RP2272,/2272.jpg
RP13246,/13246.jpg
RP13247,/13247.jpg
RP13240,/13240.jpg
RP13018,/13018.jpg
RP2107,/2107.jpg
RP2106,/2106.jpg
RP2108,/2108.jpg
RP2109,/2109.jpg
RP2112,/2112.jpg
RP2110,/2110.jpg
RP2163,/2163.jpg
RP2177,/2177.jpg
RP6638,/6638.jpg
RP6626,/6626.jpg
RP6667,/6667.jpg
RP2094,/2094.jpg
RP2273,/2273.jpg
RP2351,/2351.jpg
RP2350,/2350.jpg
RP6038,/6038.jpg
RP6476,/6476.jpg
RP6833,/6833.jpg
RP2178,/2178.jpg
RP2275,/2275.jpg
RP2382,/2382.jpg
RP2431,/2431.jpg
RP2384,/2384.jpg
RP2414,/2414.jpg
RP2420,/2420.jpg
RP2424,/2424.jpg
RP2449,/2449.jpg
RP2469,/2469.jpg
RP2455,/2455.jpg
RP6025,/6025.jpg
RP2303,/2303.jpg
RP2432,/2432.jpg
RP2425,/2425.jpg
RP2452,/2452.jpg
RP2453,/2453.jpg
RP2454,/2454.jpg
RP2461,/2461.jpg
RP2462,/2462.jpg
RP2480,/2480.jpg
RP2483,/2483.jpg
RP2459,/2459.jpg
RP6959,/6959.jpg
RP9701,/9701.jpg
RP2208,/2208.jpg
RP2233,/2233.jpg
RP2258,/2258.jpg
RP2266,/2266.jpg
RP2270,/2270.jpg
RP2473,/2473.jpg
RP2476,/2476.jpg
RP6039,/6039.jpg
RP2482,/2482.jpg
RP6956,/6956.jpg
RP2464,/2464.jpg
RP2490,/2490.jpg
RP6966,/6966.jpg
RP9750,/9750.jpg
RP2474,/2474.jpg
RP9759,/9759.jpg
RP9769,/9769.jpg
RP9988,/9988.jpg
RP9872,/9872.jpg
RP9751,/9751.jpg
RP13039,/13039.jpg
RP2472,/2472.jpg
RP2263,/2263.jpg
RP9909,/9909.jpg
RP13012,/13012.jpg
RP13050,/13050.jpg
RP2440,/2440.jpg
RP13059,/13059.jpg
RP2280,/2280.jpg
RP13017,/13017.jpg
RP2282,/2282.jpg
RP2284,/2284.jpg
RP2285,/2285.jpg
RP2281,/2281.jpg
RP9831,/9831.jpg
RP2286,/2286.jpg
RP13075,/13075.jpg
RP13085,/13085.jpg
RP13127,/13127.jpg
RP13102,/13102.jpg
RP13131,/13131.jpg
RP13140,/13140.jpg
RP13142,/13142.jpg
RP13137,/13137.jpg
RP13024,/13024.jpg
RP13129,/13129.jpg
RP13021,/13021.jpg
RP13133,/13133.jpg
RP13134,/13134.jpg
RP13145,/13145.jpg
RP13130,/13130.jpg
RP13195,/13195.jpg
RP13132,/13132.jpg
RP13019,/13019.jpg
RP13007,/13007.jpg
RP13006,/13006.jpg
RP13003,/13003.jpg
RP13141,/13141.jpg
RP9770,/9770.jpg
RP13136,/13136.jpg
RP13002,/13002.jpg
RP13138,/13138.jpg
RP13000,/13000.jpg
RP13110,/13110.jpg
RP13175,/13175.jpg
RP2229,/2229.jpg
RP14255,/14255.jpg
RP13020,/13020.jpg
RP13088,/13088.jpg
RP13089,/13089.jpg
RP13094,/13094.jpg
RP13093,/13093.jpg
RP13090,/13090.jpg
RP13173,/13173.jpg
RP13303,/13303.jpg
RP13169,/13169.jpg
RP2148,/2148.jpg
RP13092,/13092.jpg
RP13161,/13161.jpg
RP13160,/13160.jpg
RP13227,/13227.jpg
RP13242,/13242.jpg
RP13289,/13289.jpg
RP2268,/2268.jpg
RP9663,/9663.jpg
RP13314,/13314.jpg
RP13380,/13380.jpg
RP13369,/13369.jpg
RP13001,/13001.jpg
RP13144,/13144.jpg
RP13216,/13216.jpg
RP13229,/13229.jpg
RP13230,/13230.jpg
RP13231,/13231.jpg
RP13414,/13414.jpg
RP13170,/13170.jpg
RP13153,/13153.jpg
RP13215,/13215.jpg
RP13440,/13440.jpg
RP13253,/13253.jpg
RP13179,/13179.jpg
RP13436,/13436.jpg
RP13423,/13423.jpg
RP13191,/13191.jpg
RP13370,/13370.jpg
RP13186,/13186.jpg
RP13213,/13213.jpg
RP13176,/13176.jpg
RP13429,/13429.jpg
RP13428,/13428.jpg
RP13479,/13479.jpg
RP13490,/13490.jpg
RP13491,/13491.jpg
RP13480,/13480.jpg
RP13157,/13157.jpg
RP13209,/13209.jpg
RP13251,/13251.jpg
RP13470,/13470.jpg
RP6797,/6797.jpg
RP13258,/13258.jpg
RP13174,/13174.jpg
RP13256,/13256.jpg
RP13304,/13304.jpg
RP13493,/13493.jpg
RP13125,/13125.jpg
RP13307,/13307.jpg
RP13228,/13228.jpg
RP13158,/13158.jpg
RP13308,/13308.jpg
RP13309,/13309.jpg
RP13411,/13411.jpg
RP13461,/13461.jpg
RP13462,/13462.jpg
RP13471,/13471.jpg
RP13511,/13511.jpg
RP13518,/13518.jpg
RP13539,/13539.jpg
RP13432,/13432.jpg
RP13339,/13339.jpg
RP13523,/13523.jpg
RP13524,/13524.jpg
RP13501,/13501.jpg
RP13543,/13543.jpg
RP13525,/13525.jpg
RP13555,/13555.jpg
RP13556,/13556.jpg
RP13038,/13038.jpg
RP13027,/13027.jpg
RP13198,/13198.jpg
RP13197,/13197.jpg
RP13223,/13223.jpg
RP13199,/13199.jpg
RP13379,/13379.jpg
RP13435,/13435.jpg
RP13454,/13454.jpg
RP13495,/13495.jpg
RP13510,/13510.jpg
RP13509,/13509.jpg
RP13496,/13496.jpg
RP13541,/13541.jpg
RP13235,/13235.jpg
RP13236,/13236.jpg
RP13550,/13550.jpg
RP13426,/13426.jpg
RP13540,/13540.jpg
RP13574,/13574.jpg
RP13589,/13589.jpg
RP13586,/13586.jpg
RP13341,/13341.jpg
RP13576,/13576.jpg
RP13592,/13592.jpg
RP2492,/2492.jpg
RP9842,/9842.jpg
RP9855,/9855.jpg
RP13538,/13538.jpg
RP13016,/13016.jpg
RP13042,/13042.jpg
RP13172,/13172.jpg
RP13171,/13171.jpg
RP13177,/13177.jpg
RP13182,/13182.jpg
RP13183,/13183.jpg
RP13533,/13533.jpg
RP13201,/13201.jpg
RP2230,/2230.jpg
RP13180,/13180.jpg
RP13168,/13168.jpg
RP13184,/13184.jpg
RP13181,/13181.jpg
RP13418,/13418.jpg
RP13534,/13534.jpg
RP13648,/13648.jpg
RP13598,/13598.jpg
RP13531,/13531.jpg
RP13535,/13535.jpg
RP13580,/13580.jpg
RP13578,/13578.jpg
RP13561,/13561.jpg
RP13615,/13615.jpg
RP13617,/13617.jpg
RP13564,/13564.jpg
RP13121,/13121.jpg
RP13597,/13597.jpg
RP13638,/13638.jpg
RP13616,/13616.jpg
RP13485,/13485.jpg
RP13567,/13567.jpg
RP13618,/13618.jpg
RP13214,/13214.jpg
RP13459,/13459.jpg
RP13464,/13464.jpg
RP13466,/13466.jpg
RP13590,/13590.jpg
RP13614,/13614.jpg
RP13611,/13611.jpg
RP13595,/13595.jpg
RP13631,/13631.jpg
RP13651,/13651.jpg
RP13514,/13514.jpg
RP13519,/13519.jpg
RP13612,/13612.jpg
RP13641,/13641.jpg
RP13644,/13644.jpg
RP13700,/13700.jpg
RP13643,/13643.jpg
RP13675,/13675.jpg
RP13630,/13630.jpg
RP13663,/13663.jpg
RP13697,/13697.jpg
RP13699,/13699.jpg
RP13698,/13698.jpg
RP13654,/13654.jpg
RP13655,/13655.jpg
RP13726,/13726.jpg
RP13286,/13286.jpg
RP13285,/13285.jpg
RP13642,/13642.jpg
RP13656,/13656.jpg
RP13668,/13668.jpg
RP13721,/13721.jpg
RP13709,/13709.jpg
RP13572,/13572.jpg
RP13653,/13653.jpg
RP13747,/13747.jpg
RP13703,/13703.jpg
RP13739,/13739.jpg
RP2343,/2343.jpg
RP13122,/13122.jpg
RP13800,/13800.jpg
RP13738,/13738.jpg
RP13704,/13704.jpg
RP2344,/2344.jpg
RP13629,/13629.jpg
RP13600,/13600.jpg
RP13601,/13601.jpg
RP13661,/13661.jpg
RP13688,/13688.jpg
RP13727,/13727.jpg
RP13761,/13761.jpg
RP13801,/13801.jpg
RP13270,/13270.jpg
RP13271,/13271.jpg
RP13288,/13288.jpg
RP13620,/13620.jpg
RP13636,/13636.jpg
RP13640,/13640.jpg
RP13664,/13664.jpg
RP13759,/13759.jpg
RP13701,/13701.jpg
RP13690,/13690.jpg
RP13748,/13748.jpg
RP13840,/13840.jpg
RP13818,/13818.jpg
RP13807,/13807.jpg
RP13791,/13791.jpg
RP10057,/10057.jpg
RP13767,/13767.jpg
RP13573,/13573.jpg
RP13619,/13619.jpg
RP13778,/13778.jpg
RP13637,/13637.jpg
RP13764,/13764.jpg
RP13772,/13772.jpg
RP13775,/13775.jpg
RP10058,/10058.jpg
RP10059,/10059.jpg
RP13126,/13126.jpg
RP13274,/13274.jpg
RP13587,/13587.jpg
RP13679,/13679.jpg
RP13762,/13762.jpg
RP13766,/13766.jpg
RP13765,/13765.jpg
RP13769,/13769.jpg
RP13773,/13773.jpg
RP13771,/13771.jpg
RP13774,/13774.jpg
RP13776,/13776.jpg
RP13588,/13588.jpg
RP13777,/13777.jpg
RP13820,/13820.jpg
RP13731,/13731.jpg
RP13763,/13763.jpg
RP13831,/13831.jpg
RP13760,/13760.jpg
RP13873,/13873.jpg
RP13768,/13768.jpg
RP13770,/13770.jpg
RP13830,/13830.jpg
RP13829,/13829.jpg
RP13828,/13828.jpg
RP13859,/13859.jpg
RP13903,/13903.jpg
RP13815,/13815.jpg
RP13695,/13695.jpg
RP13628,/13628.jpg
RP13899,/13899.jpg
RP13877,/13877.jpg
RP13834,/13834.jpg
RP13876,/13876.jpg
RP13678,/13678.jpg
RP13468,/13468.jpg
RP13584,/13584.jpg
RP13585,/13585.jpg
RP13730,/13730.jpg
RP13833,/13833.jpg
RP13874,/13874.jpg
RP13852,/13852.jpg
RP13878,/13878.jpg
RP13904,/13904.jpg
RP13955,/13955.jpg
RP13789,/13789.jpg
RP13905,/13905.jpg
RP13853,/13853.jpg
RP13897,/13897.jpg
RP10080,/10080.jpg
RP13821,/13821.jpg
RP13911,/13911.jpg
RP13822,/13822.jpg
RP13912,/13912.jpg
RP13915,/13915.jpg
RP13797,/13797.jpg
RP13751,/13751.jpg
RP13907,/13907.jpg
RP13913,/13913.jpg
RP13916,/13916.jpg
RP13793,/13793.jpg
RP13798,/13798.jpg
RP13867,/13867.jpg
RP13868,/13868.jpg
RP13869,/13869.jpg
RP13870,/13870.jpg
RP13872,/13872.jpg
RP13871,/13871.jpg
RP13921,/13921.jpg
RP13922,/13922.jpg
RP13910,/13910.jpg
RP13536,/13536.jpg
RP13827,/13827.jpg
RP13794,/13794.jpg
RP13842,/13842.jpg
RP13860,/13860.jpg
RP13854,/13854.jpg
RP13919,/13919.jpg
RP13920,/13920.jpg
RP13816,/13816.jpg
RP13879,/13879.jpg
RP13826,/13826.jpg
RP13881,/13881.jpg
RP13855,/13855.jpg
RP13906,/13906.jpg
RP13931,/13931.jpg
RP13988,/13988.jpg
RP13680,/13680.jpg
RP13875,/13875.jpg
RP13900,/13900.jpg
RP13883,/13883.jpg
RP14038,/14038.jpg
RP14021,/14021.jpg
RP14008,/14008.jpg
RP13995,/13995.jpg
RP14113,/14113.jpg
RP14041,/14041.jpg
RP14056,/14056.jpg
RP14051,/14051.jpg
RP14040,/14040.jpg
RP14148,/14148.jpg
RP14171,/14171.jpg
RP14110,/14110.jpg
RP13994,/13994.jpg
RP14152,/14152.jpg
RP14180,/14180.jpg
RP14002,/14002.jpg
RP14003,/14003.jpg
RP14020,/14020.jpg
RP13999,/13999.jpg
RP14118,/14118.jpg
RP14048,/14048.jpg
RP14043,/14043.jpg
RP14044,/14044.jpg
RP14114,/14114.jpg
RP14151,/14151.jpg
RP14154,/14154.jpg
RP14150,/14150.jpg
RP14183,/14183.jpg
RP14185,/14185.jpg
RP14172,/14172.jpg
RP13780,/13780.jpg
RP13781,/13781.jpg
RP13951,/13951.jpg
RP13953,/13953.jpg
RP13607,/13607.jpg
RP13608,/13608.jpg
RP13582,/13582.jpg
RP13952,/13952.jpg
RP13779,/13779.jpg
RP14173,/14173.jpg
RP14153,/14153.jpg
RP14176,/14176.jpg
RP14175,/14175.jpg
RP14174,/14174.jpg
RP13733,/13733.jpg
RP13734,/13734.jpg
RP14107,/14107.jpg
RP14108,/14108.jpg
RP14112,/14112.jpg
RP14115,/14115.jpg
RP14131,/14131.jpg
RP14132,/14132.jpg
RP14140,/14140.jpg
RP14179,/14179.jpg
RP14182,/14182.jpg
RP13925,/13925.jpg
RP14191,/14191.jpg
RP13603,/13603.jpg
RP13604,/13604.jpg
RP13930,/13930.jpg
RP13928,/13928.jpg
RP13929,/13929.jpg
RP14177,/14177.jpg
RP14178,/14178.jpg
RP14184,/14184.jpg
RP12103,/12103.jpg
RP12115,/12115.jpg
RP12127,/12127.jpg
RP14064,/14064.jpg
RP14169,/14169.jpg
RP14168,/14168.jpg
RP13992,/13992.jpg
RP14001,/14001.jpg
RP14023,/14023.jpg
RP14054,/14054.jpg
RP14053,/14053.jpg
RP14065,/14065.jpg
RP14109,/14109.jpg
RP14055,/14055.jpg
RP14166,/14166.jpg
RP14167,/14167.jpg
RP14145,/14145.jpg
RP14130,/14130.jpg
RP14143,/14143.jpg
RP14146,/14146.jpg
RP14187,/14187.jpg
RP14193,/14193.jpg
RP14282,/14282.jpg
RP14204,/14204.jpg
RP14022,/14022.jpg
RP14205,/14205.jpg
RP14256,/14256.jpg
RP14327,/14327.jpg
RP13150,/13150.jpg
RP13381,/13381.jpg
RP13635,/13635.jpg
